id;Instituci√≥n;Asignado;Usado;Porcentaje Asignado;Porcentaje Usado;Tasa Utilizacion;Fecha
1;BANCO DE CHILE ;49000000.0;47751530.11749999;0.20864666497317844;0.2033305613547482;0.9745210228061223;2020-09-11 00:00:00
2;BCO INTERNACIONAL;1670721.50134;1107634.0313;0.007114091211297402;0.004716411155949839;0.6629674846535605;2020-09-11 00:00:00
3;BANCOESTADO    ;39600000.0;37836329.012099996;0.16862057005995645;0.16111069108576692;0.955462853840909;2020-09-11 00:00:00
4;SCOTIABANK;16273000.0;15263723.803599998;0.06929198324711291;0.06499438911618077;0.9379784799115097;2020-09-11 00:00:00
5;BCI            ;49800000.0;47986664.97149998;0.21205314113600585;0.20433178794874926;0.96358765003012;2020-09-11 00:00:00
6;ITAU CORPBANCA      ;20776100.036;19539651.7746;0.08846661191143944;0.08320169750015383;0.9404869894129538;2020-09-11 00:00:00
7;BCO BICE       ;1828000.0;1444509.2675;0.007783798032060616;0.006150857983402529;0.7902129472100657;2020-09-11 00:00:00
8;BANCO SANTANDER;53322500.1;51086407.0413;0.22705228191626478;0.21753078478835805;0.9580647371277327;2020-09-11 00:00:00
9;BCO SECURITY   ;1646000.0;1271566.3226999997;0.007008824705017382;0.005414450459664558;0.7725190295868771;2020-09-11 00:00:00
10;BANCO CONSORCIO;856933.336;631677.3353;0.003648903727770207;0.002689742231622229;0.7371370779535178;2020-09-11 00:00:00
11;COOPEUCH;73537.36000000002;51571.430199999995;0.00031312907989657177;0.00021959605957402154;0.7012956434661237;2020-09-11 00:00:00
12;BANCO DE CHILE ;33500000.0;31740834.8211;0.181234108958268;0.17171707213115295;0.9474876066;2020-07-03 00:00:00
13;BCO INTERNACIONAL;1370721.50134;725393.2557000001;0.007415566863441619;0.003924358219138106;0.5292054257490415;2020-07-03 00:00:00
14;BANCOESTADO    ;26600000.0;24778911.3788;0.14390529248626652;0.13405325148336436;0.9315380217593985;2020-07-03 00:00:00
15;SCOTIABANK;15073000.0;13413657.700500002;0.08154452908441712;0.07256753137974113;0.889912937072912;2020-07-03 00:00:00
16;BCI            ;44800000.0;42548159.0005;0.24236680839792255;0.23018440848568142;0.9497356919754465;2020-07-03 00:00:00
17;ITAU CORPBANCA      ;17976100.036;15836405.0071;0.09725022306176563;0.08567452986758274;0.88097000881087;2020-07-03 00:00:00
18;BCO BICE       ;1168000.0;790657.9550000001;0.006318848933231552;0.004277438506423622;0.676933180650685;2020-07-03 00:00:00
19;BANCO SANTANDER;42322500.1;39823111.97579999;0.2289635998361107;0.21544197656356545;0.9409442230895049;2020-07-03 00:00:00
20;BCO SECURITY   ;1528000.0;941658.6878000001;0.008266439357857716;0.0050943484545147725;0.61626877473822;2020-07-03 00:00:00
21;BANCO CONSORCIO;441933.336;332643.8538;0.0023908475931019363;0.0017995944013100705;0.7527014296110941;2020-07-03 00:00:00
22;COOPEUCH;63537.36000000001;34183.515100000004;0.0003437354276167373;0.00018493190746895523;0.538006538200517;2020-07-03 00:00:00
23;BANCO DE CHILE ;19009666.68;15080388.7603;0.14631236190338676;0.11606975204158494;0.7933010617259282;2020-05-29 00:00:00
24;BCO INTERNACIONAL;620721.50134;256245.2624;0.004777528742301526;0.00197225181269181;0.4128184086531937;2020-05-29 00:00:00
25;BANCOESTADO    ;13100000.0;8876259.580699999;0.10082722507443599;0.06831821546277539;0.6775770672290076;2020-05-29 00:00:00
26;SCOTIABANK;13073000.0;8906726.806400001;0.10061941323649631;0.06855271361720652;0.6813070302455443;2020-05-29 00:00:00
27;BCI            ;31800000.0;27165466.660799995;0.24475616468450875;0.20908539093592124;0.8542599578867923;2020-05-29 00:00:00
28;ITAU CORPBANCA      ;15476100.036;8000195.1629;0.1191154367636839;0.06157538002512461;0.5169387083496622;2020-05-29 00:00:00
29;BCO BICE       ;412307.66916;209356.7686;0.0031734227601764435;0.0016113635136251003;0.5077683105592612;2020-05-29 00:00:00
30;BANCO SANTANDER;35322500.1;24523351.575999998;0.2718679135705716;0.18874973197960887;0.6942699839075094;2020-05-29 00:00:00
31;BCO SECURITY   ;828000.0;451508.6615;0.0063728963634834355;0.0034751423997036513;0.545300315821256;2020-05-29 00:00:00
32;BANCO CONSORCIO;219392.6064;94546.44399999999;0.0016886066950503775;0.0007276988999370654;0.4309463548084271;2020-05-29 00:00:00
33;COOPEUCH;63537.36000000001;2778.3201;0.0004890302059049975;2.138399282836103e-05;0.04372734561209341;2020-05-29 00:00:00
34;BANCO DE CHILE ;51500000.0;50031282.681899995;0.21127356364651834;0.20524829875750192;0.9714812171242717;2020-10-30 00:00:00
35;BCO INTERNACIONAL;1670721.50134;1152711.3742;0.006853966707746857;0.004728882327827365;0.6899482488706044;2020-10-30 00:00:00
36;BANCOESTADO    ;42100000.0;40643360.892699994;0.1727110102819111;0.1667352950363547;0.9654004962636579;2020-10-30 00:00:00
37;SCOTIABANK;16573000.0;15853066.2019;0.06798906350123783;0.06503560759610852;0.9565598384058408;2020-10-30 00:00:00
38;BCI            ;49800000.0;48468083.72850001;0.20429948484653618;0.1988354324745248;0.9732546933433737;2020-10-30 00:00:00
39;ITAU CORPBANCA      ;21576100.036;20451674.409199998;0.0885137775572717;0.08390093465961138;0.9478855944807504;2020-10-30 00:00:00
40;BCO BICE       ;2118000.0;1629682.9745000002;0.008688881704918949;0.006685610284207245;0.7694442750236072;2020-10-30 00:00:00
41;BANCO SANTANDER;55822500.1;54124283.81060001;0.22900618500553643;0.22203942369866067;0.9695782831948082;2020-10-30 00:00:00
42;BCO SECURITY   ;1659000.0;1391609.5107;0.006805880428923766;0.005708937874368479;0.8388242981916817;2020-10-30 00:00:00
43;BANCO CONSORCIO;856933.336;753272.4014999999;0.0035154827127032873;0.003090224168183999;0.879032673668795;2020-10-30 00:00:00
44;COOPEUCH;83537.36000000002;62732.573000000004;0.0003427036066955751;0.0002573540631927254;0.7509523044539592;2020-10-30 00:00:00
45;BANCO DE CHILE ;25000000.0;23827559.304799996;0.15420315328300438;0.14697139119351804;0.9531023721919999;2020-06-19 00:00:00
46;BCO INTERNACIONAL;1370721.50134;537381.3389000001;0.008454783111177675;0.0033146358789529133;0.3920426858225124;2020-06-19 00:00:00
47;BANCOESTADO    ;19100000.0;17111721.1261;0.11781120910821534;0.1055472542297609;0.8959016296387434;2020-06-19 00:00:00
48;SCOTIABANK;14573000.0;12392291.371500002;0.08988810211172892;0.07643721623548269;0.8503596631784809;2020-06-19 00:00:00
49;BCI            ;42300000.0;39744502.501499996;0.2609117353548434;0.2451491044558222;0.9395863475531914;2020-06-19 00:00:00
50;ITAU CORPBANCA      ;17476100.036;13852209.309200002;0.10779478930561703;0.08544217421659311;0.7926373321659329;2020-06-19 00:00:00
51;BCO BICE       ;948000.0;562832.4421;0.005847383572491526;0.003471621493671759;0.593705107700422;2020-06-19 00:00:00
52;BANCO SANTANDER;39322500.1;35747855.7695;0.2425461404156502;0.22049728331051766;0.9090941745461398;2020-06-19 00:00:00
53;BCO SECURITY   ;1528000.0;851089.2287000001;0.009424896728657227;0.005249625711629603;0.5569955685209425;2020-06-19 00:00:00
54;BANCO CONSORCIO;441933.336;227012.0412;0.002725900558083099;0.0014002389034500522;0.5136793781042125;2020-06-19 00:00:00
55;COOPEUCH;63537.36000000001;24668.0058;0.00039190645053109726;0.00015215537118253762;0.3882441102368747;2020-06-19 00:00:00
56;BANCO DE CHILE ;45000000.0;42805522.614;0.2021501658970732;0.19229207772735596;0.9512338358666667;2020-08-07 00:00:00
57;BCO INTERNACIONAL;1670721.50134;1007684.8099999999;0.007505258414748626;0.004526747811410237;0.6031434976995195;2020-08-07 00:00:00
58;BANCOESTADO    ;36100000.0;33829456.1014;0.16216935530854093;0.1519695591801281;0.937104047130194;2020-08-07 00:00:00
59;SCOTIABANK;15873000.0;14727044.5249;0.07130510185076096;0.06615721097515818;0.9278047328734329;2020-08-07 00:00:00
60;BCI            ;48800000.0;46982065.705;0.21922062435060383;0.2110540528100654;0.9627472480532786;2020-08-07 00:00:00
61;ITAU CORPBANCA      ;20476100.036;18392204.7946;0.09198326709338814;0.08262193889869633;0.8982279224199821;2020-08-07 00:00:00
62;BCO BICE       ;1478000.0;1108838.6822;0.006639509893241648;0.004981153856884933;0.750229148985115;2020-08-07 00:00:00
63;BANCO SANTANDER;50822500.1;47343302.0326;0.22830615170042265;0.2126768080001185;0.93154217009092;2020-08-07 00:00:00
64;BCO SECURITY   ;1646000.0;1158437.342;0.007394203845924055;0.005203962241481433;0.7037893936816525;2020-08-07 00:00:00
65;BANCO CONSORCIO;676933.336;458709.5856;0.00304093747052576;0.002060627085058171;0.6776288907716017;2020-08-07 00:00:00
66;COOPEUCH;63537.36000000001;44040.554200000006;0.0002854241747702681;0.000197840118616201;0.6931442256965036;2020-08-07 00:00:00
67;BANCO DE CHILE ;22000000.0;20095040.807699997;0.14713377487747517;0.13439360047062765;0.9134109458045453;2020-06-12 00:00:00
68;BCO INTERNACIONAL;1370721.50134;513465.57590000005;0.009167246763539744;0.0034340058387183525;0.37459511315613175;2020-06-12 00:00:00
69;BANCOESTADO    ;16600000.0;13728761.766900003;0.1110191210439131;0.09181657014352515;0.8270338413795183;2020-06-12 00:00:00
70;SCOTIABANK;14073000.0;11384269.8319;0.09411880062957764;0.07613684520869123;0.8089440653663044;2020-06-12 00:00:00
71;BCI            ;39800000.0;37243678.6821;0.26617837455106874;0.24908195612823286;0.9357708211582914;2020-06-12 00:00:00
72;ITAU CORPBANCA      ;16476100.036;12290019.067400001;0.11019049061616294;0.08219440448648678;0.745930107279424;2020-06-12 00:00:00
73;BCO BICE       ;848000.0;414244.81429999997;0.005671338231640862;0.0027704274205171686;0.4884962432783018;2020-06-12 00:00:00
74;BANCO SANTANDER;36322500.1;32522634.919;0.24292120694093045;0.21750809293611179;0.89538536250152;2020-06-12 00:00:00
75;BCO SECURITY   ;1528000.0;735281.1542;0.010219109455126458;0.004917485991532405;0.48120494384816753;2020-06-12 00:00:00
76;BANCO CONSORCIO;441933.336;185700.6888;0.0029556054531761637;0.0012419474245677854;0.4202006811271644;2020-06-12 00:00:00
77;COOPEUCH;63537.36000000001;13435.1309;0.00042493143738859537;8.985279660409139e-05;0.21145245726293946;2020-06-12 00:00:00
78;BANCO DE CHILE ;19009666.68;12647918.295500001;0.1525857830300828;0.10152163892751527;0.6653414027930763;2020-05-22 00:00:00
79;BCO INTERNACIONAL;503804.335565;105096.2075;0.0040439098870162895;0.0008435806574005411;0.20860520658707324;2020-05-22 00:00:00
80;BANCOESTADO    ;12609666.68;6110716.574700001;0.1012146028915087;0.04904917530229442;0.4846057179601833;2020-05-22 00:00:00
81;SCOTIABANK;13073000.0;6776726.9397;0.10493366217993427;0.05439507193269637;0.5183758081312629;2020-05-22 00:00:00
82;BCI            ;27900000.0;19205433.819;0.2239462384165965;0.15415715630551755;0.6883668035483871;2020-05-22 00:00:00
83;ITAU CORPBANCA      ;14976100.036;4417352.3769000005;0.12020936448791597;0.03545696948270132;0.2949601275553339;2020-05-22 00:00:00
84;BCO BICE       ;360842.68846;137592.2475;0.002896392929775943;0.001104418145624027;0.38130812096322225;2020-05-22 00:00:00
85;BANCO SANTANDER;35322500.1;19183490.2196;0.2835247680596722;0.1539810205871322;0.543095482066401;2020-05-22 00:00:00
86;BCO SECURITY   ;574961.85616;264032.7247;0.004615073294625671;0.002119323853600351;0.4592178104881538;2020-05-22 00:00:00
87;BANCO CONSORCIO;189392.6064;80965.396;0.0015202065156700725;0.0006498887410792167;0.42750029971602943;2020-05-22 00:00:00
88;COOPEUCH;63537.36000000001;2579.9224999999997;0.000509998307201474;2.0708384920478194e-05;0.04060481109067168;2020-05-22 00:00:00
89;BANCO DE CHILE ;49500000.0;48039758.67979999;0.20988201497367803;0.2036905323346598;0.9705001753494947;2020-09-17 00:00:00
90;BCO INTERNACIONAL;1670721.50134;1112495.8218999999;0.007083927174971469;0.004717027570710506;0.6658774792852813;2020-09-17 00:00:00
91;BANCOESTADO    ;40100000.0;37846013.369600005;0.1700256323322119;0.16046863726732136;0.943790857097257;2020-09-17 00:00:00
92;SCOTIABANK;16273000.0;15385693.3309;0.06899818241750834;0.06523596602134085;0.9454736883733792;2020-09-17 00:00:00
93;BCI            ;49800000.0;48036283.657199994;0.21115402718563972;0.2036757980973797;0.9645840091807227;2020-09-17 00:00:00
94;ITAU CORPBANCA      ;20776100.036;19674592.224299997;0.08809150987576535;0.0834210719155867;0.9469819740090126;2020-09-17 00:00:00
95;BCO BICE       ;1828000.0;1464381.5309000001;0.007750794411553201;0.006209037300919826;0.8010839884573305;2020-09-17 00:00:00
96;BANCO SANTANDER;53322500.1;51408538.888100006;0.22608957099842725;0.21797429754923467;0.9641059363625001;2020-09-17 00:00:00
97;BCO SECURITY   ;1646000.0;1285473.5952;0.006979107002963112;0.005450460370828973;0.7809681623329283;2020-09-17 00:00:00
98;BANCO CONSORCIO;856933.336;637776.4877999999;0.00363343222743022;0.002704198269945442;0.7442544956612587;2020-09-17 00:00:00
99;COOPEUCH;73537.36000000002;53022.479199999994;0.0003118013998514092;0.0002248174701696148;0.7210277769014278;2020-09-17 00:00:00
100;BANCO DE CHILE ;40500000.0;38976410.9512;0.19462097202884823;0.1872994317411948;0.9623805173135803;2020-07-24 00:00:00
101;BCO INTERNACIONAL;1370721.50134;879209.5138;0.0065869419992995795;0.004225002720809063;0.6414209691323116;2020-07-24 00:00:00
102;BANCOESTADO    ;31600000.0;30228833.0707;0.1518524127434964;0.14526333025968957;0.9566086414778482;2020-07-24 00:00:00
103;SCOTIABANK;15873000.0;14315801.160600003;0.07627700466701007;0.06879395400611571;0.9018963750141752;2020-07-24 00:00:00
104;BCI            ;47800000.0;45945192.7039;0.2297008015550357;0.22078760652063614;0.96119650008159;2020-07-24 00:00:00
105;ITAU CORPBANCA      ;19476100.036;17549442.5825;0.09359154371203471;0.0843330759005089;0.901075808301522;2020-07-24 00:00:00
106;BCO BICE       ;1268000.0;991935.559;0.006093318334137766;0.004766702782285406;0.7822835638801262;2020-07-24 00:00:00
107;BANCO SANTANDER;47822500.1;44550762.92;0.22980892479781956;0.21408673541030046;0.9315858189521965;2020-07-24 00:00:00
108;BCO SECURITY   ;1646000.0;1099126.4659999998;0.00790978073974035;0.005281803980137105;0.6677560546780071;2020-07-24 00:00:00
109;BANCO CONSORCIO;676933.336;386828.3529;0.00325297342842101;0.0018588866678942303;0.5714423154069634;2020-07-24 00:00:00
110;COOPEUCH;63537.36000000001;41695.5708;0.00030532599415671264;0.00020036623502206572;0.6562370674513388;2020-07-24 00:00:00
111;BANCO DE CHILE ;51500000.0;49562642.260900006;0.21284528104177802;0.20483834021736635;0.962381403124272;2020-10-16 00:00:00
112;BCO INTERNACIONAL;1670721.50134;1139299.2329000002;0.006904955096995216;0.004708630396452091;0.6819204948198887;2020-10-16 00:00:00
113;BANCOESTADO    ;41100000.0;39414389.78779999;0.16986293302557431;0.1628964441063005;0.9589875860778587;2020-10-16 00:00:00
114;SCOTIABANK;16573000.0;15685688.853699999;0.06849485131466772;0.06482766703688662;0.9464604388885536;2020-10-16 00:00:00
115;BCI            ;49800000.0;48354222.5959;0.20581932030836012;0.1998440407374957;0.9709683252188754;2020-10-16 00:00:00
116;ITAU CORPBANCA      ;21076100.036;20164432.012399998;0.08710579486266112;0.08333794560635152;0.9567439885916852;2020-10-16 00:00:00
117;BCO BICE       ;1828000.0;1575543.8051;0.0075549742474635;0.006511593475536735;0.8618948605579869;2020-10-16 00:00:00
118;BANCO SANTANDER;55822500.1;53339288.348299995;0.23070981984930453;0.22044690910800677;0.9555159344842743;2020-10-16 00:00:00
119;BCO SECURITY   ;1659000.0;1383491.37;0.006856511092200189;0.005717856494495622;0.8339309041591321;2020-10-16 00:00:00
120;BANCO CONSORCIO;856933.336;723534.6140000001;0.003541635276407542;0.002990309286607464;0.8443301055100978;2020-10-16 00:00:00
121;COOPEUCH;73537.36000000002;57160.81869999999;0.00030392388458777493;0.00023624098098601201;0.777303110962917;2020-10-16 00:00:00
122;BANCO DE CHILE ;47000000.0;45076971.3107;0.20578222452180744;0.1973625410855647;0.9590844959723404;2020-08-21 00:00:00
123;BCO INTERNACIONAL;1670721.50134;1061045.5124;0.007314995470258704;0.004645623528947936;0.6350822154075288;2020-08-21 00:00:00
124;BANCOESTADO    ;38100000.0;35793376.916700006;0.1668149522187418;0.1567157601077881;0.9394587117244096;2020-08-21 00:00:00
125;SCOTIABANK;15873000.0;14919542.705;0.06949747340073723;0.06532290822729797;0.9399321303471303;2020-08-21 00:00:00
126;BCI            ;49300000.0;47438527.037599996;0.21585241848776823;0.2077022472730901;0.962241927740365;2020-08-21 00:00:00
127;ITAU CORPBANCA      ;20476100.036;18820183.8139;0.08965143436040726;0.08240126151348205;0.9191293156807863;2020-08-21 00:00:00
128;BCO BICE       ;1628000.0;1257555.8553;0.007127945989819202;0.005506013646043791;0.7724544565724816;2020-08-21 00:00:00
129;BANCO SANTANDER;51822500.1;49125407.07520001;0.2268967946991402;0.21508799039306375;0.9479551735328186;2020-08-21 00:00:00
130;BCO SECURITY   ;1646000.0;1226751.6971;0.007206756203465853;0.005371142407768948;0.7452926470838396;2020-08-21 00:00:00
131;BANCO CONSORCIO;816933.336;576699.8323;0.0035768161525127906;0.002524990944086113;0.7059325490666475;2020-08-21 00:00:00
132;COOPEUCH;63537.36000000001;48085.558699999994;0.0002781884953413385;0.00021053517524808406;0.7568076278271554;2020-08-21 00:00:00
133;BANCO DE CHILE ;20500000.0;17497816.148900002;0.14546011873545026;0.12415777632341822;0.8535520072634147;2020-06-05 00:00:00
134;BCO INTERNACIONAL;1370721.50134;424812.1854;0.009726112796982978;0.003014303947734152;0.3099186705575925;2020-06-05 00:00:00
135;BANCOESTADO    ;14600000.0;10657755.831;0.10359598700183287;0.07562333798198524;0.7299832760958904;2020-06-05 00:00:00
136;SCOTIABANK;13073000.0;10151905.7915;0.09276098205992885;0.07203402057671685;0.7765551741375354;2020-06-05 00:00:00
137;BCI            ;37300000.0;32863348.072200008;0.2646664599430388;0.23318568354276312;0.8810549081018769;2020-06-05 00:00:00
138;ITAU CORPBANCA      ;15976100.036;10822268.265199998;0.11336026381297519;0.07679065496794571;0.6774036367332119;2020-06-05 00:00:00
139;BCO BICE       ;756307.66916;271095.6903;0.005366468456416841;0.0019235907951076514;0.3584463061191683;2020-06-05 00:00:00
140;BANCO SANTANDER;35322500.1;28702974.937699996;0.25063488090629044;0.203665275243829;0.8125974904505696;2020-06-05 00:00:00
141;BCO SECURITY   ;1528000.0;623497.8306;0.010842100557452097;0.004424100900993739;0.4080483184554974;2020-06-05 00:00:00
142;BANCO CONSORCIO;441933.336;163412.80430000002;0.0031357890501323726;0.001159514434944922;0.36976799663739335;2020-06-05 00:00:00
143;COOPEUCH;63537.36000000001;3723.7214999999997;0.00045083667949936826;2.6422096172085312e-05;0.05860680236006027;2020-06-05 00:00:00
144;BANCO DE CHILE ;30500000.0;29094255.711799998;0.17074992979144804;0.16288006951227169;0.9539100233377048;2020-06-26 00:00:00
145;BCO INTERNACIONAL;1370721.50134;688147.9687000001;0.007673790167784697;0.0038524989292345116;0.5020333948415308;2020-06-26 00:00:00
146;BANCOESTADO    ;24100000.0;22406042.943400003;0.13492043632701306;0.12543705768818755;0.9297113254522823;2020-06-26 00:00:00
147;SCOTIABANK;15073000.0;13095375.0288;0.08438405546709825;0.07331260218886171;0.8687968572148875;2020-06-26 00:00:00
148;BCI            ;44300000.0;41831903.77770001;0.24800727507413603;0.2341899879699963;0.9442867669909708;2020-06-26 00:00:00
149;ITAU CORPBANCA      ;17976100.036;15610496.2031;0.10063664980560809;0.08739315182586857;0.8684028333085319;2020-06-26 00:00:00
150;BCO BICE       ;948000.0;743220.2982000001;0.005307243719419434;0.004160813565155052;0.783987656329114;2020-06-26 00:00:00
151;BANCO SANTANDER;42322500.1;39078386.38339999;0.23693652198929682;0.21877481086323372;0.9233477769759635;2020-06-26 00:00:00
152;BCO SECURITY   ;1528000.0;929000.2179;0.008554291564633857;0.005200876130579179;0.6079844357984293;2020-06-26 00:00:00
153;BANCO CONSORCIO;441933.336;282114.3215;0.002474101183426243;0.0015793770685012132;0.6383639760092685;2020-06-26 00:00:00
154;COOPEUCH;63537.36000000001;31551.5849;0.0003557049101355397;0.0001766370789011119;0.4965831897957359;2020-06-26 00:00:00
155;BANCO DE CHILE ;43000000.0;41412199.8469;0.1994463810645037;0.19208170677637673;0.9630744150441861;2020-07-31 00:00:00
156;BCO INTERNACIONAL;1370721.50134;927938.5265;0.006357800997431774;0.004304046068854723;0.6769708694237736;2020-07-31 00:00:00
157;BANCOESTADO    ;34600000.0;32489134.976400003;0.16048476243794949;0.1506939626734691;0.9389923403583816;2020-07-31 00:00:00
158;SCOTIABANK;15873000.0;14559665.887;0.07362354434039227;0.06753192257373157;0.9172598681408681;2020-07-31 00:00:00
159;BCI            ;48800000.0;46638552.1314;0.22634845106855306;0.2163230335045564;0.9557080354795081;2020-07-31 00:00:00
160;ITAU CORPBANCA      ;19476100.036;18251694.1756;0.09033575975419651;0.08465661282836047;0.9371329035003526;2020-07-31 00:00:00
161;BCO BICE       ;1268000.0;1091847.9795000001;0.0058813490974369935;0.005064305306601523;0.86107884818612;2020-07-31 00:00:00
162;BANCO SANTANDER;48822500.1;46106748.8019;0.22645281301084583;0.21385637653928133;0.944375005529469;2020-07-31 00:00:00
163;BCO SECURITY   ;1646000.0;1138281.1214;0.0076346219356319325;0.005279675588308721;0.6915438161603888;2020-07-31 00:00:00
164;BANCO CONSORCIO;676933.336;430555.7254999999;0.0031398117229563195;0.0019970414255250425;0.6360385913983114;2020-07-31 00:00:00
165;COOPEUCH;63537.36000000001;43103.144199999995;0.0002947045701021525;0.00019992479356259192;0.6783905437682647;2020-07-31 00:00:00
166;BANCO DE CHILE ;46000000.0;44208007.194;0.20522265574780602;0.19722792699284336;0.9610436346521739;2020-08-14 00:00:00
167;BCO INTERNACIONAL;1670721.50134;1045533.6259999999;0.007453693554781662;0.004664504073942464;0.6257976719407939;2020-08-14 00:00:00
168;BANCOESTADO    ;36600000.0;34770028.9041;0.16328585218195002;0.15512168852450825;0.9500007897295082;2020-08-14 00:00:00
169;SCOTIABANK;15873000.0;14836648.6677;0.0708152003192375;0.06619166178222917;0.9347098007749007;2020-08-14 00:00:00
170;BCI            ;48800000.0;47267595.29229999;0.21771446957593335;0.21087785731952824;0.9685982641864753;2020-08-14 00:00:00
171;ITAU CORPBANCA      ;20476100.036;18622403.6333;0.0913512962770797;0.08308128543550908;0.9094702409423217;2020-08-14 00:00:00
172;BCO BICE       ;1478000.0;1182438.0320000001;0.006593893156418638;0.005275284199657593;0.8000257320703654;2020-08-14 00:00:00
173;BANCO SANTANDER;50822500.1;48201420.78389999;0.2267375748318508;0.21504399095846632;0.9484267930357089;2020-08-14 00:00:00
174;BCO SECURITY   ;1646000.0;1198246.3487;0.007343401986106277;0.005345810824354905;0.7279746954434994;2020-08-14 00:00:00
175;BANCO CONSORCIO;716933.336;528557.4252;0.00319849920017509;0.002358086054668834;0.7372476611967728;2020-08-14 00:00:00
176;COOPEUCH;63537.36000000001;44992.81710000001;0.0002834631686609657;0.000200729248148637;0.7081316740261163;2020-08-14 00:00:00
177;BANCO DE CHILE ;51500000.0;49766139.604499996;0.21240635201566316;0.20525522654939926;0.9663328078543688;2020-10-23 00:00:00
178;BCO INTERNACIONAL;1670721.50134;1145820.0354;0.006890715715218665;0.004725814636616932;0.6858234807422999;2020-10-23 00:00:00
179;BANCOESTADO    ;41600000.0;39843576.09289999;0.17157483968643858;0.16433065338158012;0.9577782714639421;2020-10-23 00:00:00
180;SCOTIABANK;16573000.0;15725623.086400002;0.06835360139719583;0.0648586841350586;0.9488700347794607;2020-10-23 00:00:00
181;BCI            ;49800000.0;48365607.2233;0.2053948802015539;0.1994788775402633;0.9711969321947792;2020-10-23 00:00:00
182;ITAU CORPBANCA      ;21076100.036;20232864.177899998;0.08692616550221255;0.08344832758943938;0.9599908969562835;2020-10-23 00:00:00
183;BCO BICE       ;1828000.0;1586597.3148999999;0.007539394397759849;0.006543754325742822;0.8679416383479212;2020-10-23 00:00:00
184;BANCO SANTANDER;55822500.1;53631853.7674;0.23023405061427168;0.22119895942856183;0.9607569290398011;2020-10-23 00:00:00
185;BCO SECURITY   ;1659000.0;1391025.8702000002;0.0068423716115336925;0.0057371404009436;0.838472495599759;2020-10-23 00:00:00
186;BANCO CONSORCIO;856933.336;744773.572;0.003534331724667428;0.003071740534100871;0.869114948283445;2020-10-23 00:00:00
187;COOPEUCH;73537.36000000002;60204.365399999995;0.00030329713348470973;0.0002483065947579031;0.8186908722314751;2020-10-23 00:00:00
188;BANCO DE CHILE ;36000000.0;34305558.72;0.18688794942815595;0.17809154231022206;0.9529321866666667;2020-07-10 00:00:00
189;BCO INTERNACIONAL;1370721.50134;739030.8831;0.007115870295069887;0.00383655461962884;0.5391546586068233;2020-07-10 00:00:00
190;BANCOESTADO    ;28100000.0;26898006.293100003;0.14587642719253285;0.13963647888397485;0.957224423241993;2020-07-10 00:00:00
191;SCOTIABANK;15073000.0;13762662.936500002;0.0782489461591832;0.07144655152426024;0.9130672683938169;2020-07-10 00:00:00
192;BCI            ;46300000.0;43913599.14480001;0.2403586682923228;0.22797006933838046;0.9484578648984883;2020-07-10 00:00:00
193;ITAU CORPBANCA      ;18476100.036;16484859.628500002;0.09591556803215329;0.08557837812725995;0.8922261514269711;2020-07-10 00:00:00
194;BCO BICE       ;1218000.0;857687.3759000001;0.006323042288985943;0.004452539859232417;0.7041768275041052;2020-07-10 00:00:00
195;BANCO SANTANDER;43822500.1;40986773.9706;0.2274971439584489;0.21277594836224312;0.9352906355655414;2020-07-10 00:00:00
196;BCO SECURITY   ;1528000.0;1002270.4562;0.007932355186839508;0.005203118620323344;0.655936162434555;2020-07-10 00:00:00
197;BANCO CONSORCIO;676933.336;357984.727;0.0035141856406833583;0.001858417543211895;0.5288330592718808;2020-07-10 00:00:00
198;COOPEUCH;63537.36000000001;35269.2528;0.0003298435256244039;0.00018309439815709024;0.5550947159277628;2020-07-10 00:00:00
199;BANCO DE CHILE ;50500000.0;49108705.99369999;0.21134412187274962;0.2055215117731794;0.9724496236376236;2020-10-02 00:00:00
200;BCO INTERNACIONAL;1670721.50134;1131501.0872999998;0.006992023140487607;0.004735368389969898;0.6772529631015587;2020-10-02 00:00:00
201;BANCOESTADO    ;40100000.0;38556724.73239999;0.16781978786331206;0.1613611313041268;0.9615143324788028;2020-10-02 00:00:00
202;SCOTIABANK;16573000.0;15627736.604899999;0.0693585372633085;0.06540257959645972;0.942963652018343;2020-10-02 00:00:00
203;BCI            ;49800000.0;48213827.1302;0.20841459939134516;0.201776414989241;0.9681491391606425;2020-10-02 00:00:00
204;ITAU CORPBANCA      ;21076100.036;20049211.993799996;0.08820415553684448;0.08390659610040117;0.9512771318960349;2020-10-02 00:00:00
205;BCO BICE       ;1828000.0;1549292.0588;0.007650238708581907;0.006483837023594265;0.8475339490153173;2020-10-02 00:00:00
206;BANCO SANTANDER;54822500.1;52788749.2029;0.2294339236139253;0.220922610793024;0.9629029888569419;2020-10-02 00:00:00
207;BCO SECURITY   ;1646000.0;1358685.6144;0.0068885628634167495;0.005686142932208026;0.825446910328068;2020-10-02 00:00:00
208;BANCO CONSORCIO;856933.336;719529.5895;0.003586293532681305;0.0030112544406799505;0.8396564344883882;2020-10-02 00:00:00
209;COOPEUCH;73537.36000000002;54942.878699999994;0.000307756213347332;0.00022993771192103955;0.7471423872165112;2020-10-02 00:00:00
210;BANCO DE CHILE ;51500000.0;49367149.1022;0.2132860278820386;0.20445287650230262;0.9585854194601942;2020-10-09 00:00:00
211;BCO INTERNACIONAL;1670721.50134;1131501.0872999998;0.006919253450833487;0.0046860849020276645;0.6772529631015587;2020-10-09 00:00:00
212;BANCOESTADO    ;40600000.0;38976376.1874;0.1681439365438984;0.16141973705333246;0.9600092656995074;2020-10-09 00:00:00
213;SCOTIABANK;16573000.0;15655069.1876;0.06863668621532089;0.06483509753867372;0.9446128756169674;2020-10-09 00:00:00
214;BCI            ;49800000.0;48256829.595;0.20624551822379653;0.19985451461161077;0.9690126424698795;2020-10-09 00:00:00
215;ITAU CORPBANCA      ;21076100.036;20126221.855499998;0.08728616815384331;0.08335227021033528;0.9549310271408127;2020-10-09 00:00:00
216;BCO BICE       ;1828000.0;1574111.5927000002;0.007570618620744981;0.006519145806797134;0.8611113745623633;2020-10-09 00:00:00
217;BANCO SANTANDER;55822500.1;53131639.3074;0.23118755947133401;0.22004342335410745;0.951796125437241;2020-10-09 00:00:00
218;BCO SECURITY   ;1659000.0;1379807.9899;0.00687070913119033;0.005714442046712058;0.8317106629897528;2020-10-09 00:00:00
219;BANCO CONSORCIO;856933.336;723534.614;0.0035489690756338706;0.00299650143408202;0.8443301055100976;2020-10-09 00:00:00
220;COOPEUCH;73537.36000000002;55795.93499999999;0.00030455323136566046;0.00023107754074008565;0.7587426989492141;2020-10-09 00:00:00
221;BANCO DE CHILE ;48000000.0;46136418.054000005;0.2075255757581948;0.1994684733349401;0.9611753761250001;2020-08-28 00:00:00
222;BCO INTERNACIONAL;1670721.50134;1069136.0491999998;0.007223280031191232;0.004622355711959826;0.6399247560664663;2020-08-28 00:00:00
223;BANCOESTADO    ;39100000.0;36881292.7319;0.16904687525302953;0.15945440643529318;0.9432555685907928;2020-08-28 00:00:00
224;SCOTIABANK;16273000.0;15042448.007400002;0.070355493631523;0.06503526424059158;0.9243807538499356;2020-08-28 00:00:00
225;BCI            ;49300000.0;47647591.1271;0.2131460601016459;0.20600195379463504;0.966482578643002;2020-08-28 00:00:00
226;ITAU CORPBANCA      ;20476100.036;19102418.187200002;0.0885273843594436;0.08258834026401025;0.9329129157219949;2020-08-28 00:00:00
227;BCO BICE       ;1628000.0;1370163.3044000003;0.007038575777798774;0.005923831846424183;0.8416236513513515;2020-08-28 00:00:00
228;BANCO SANTANDER;52322500.1;49968129.4519;0.2262136866325147;0.21603468404303247;0.9550027111930761;2020-08-28 00:00:00
229;BCO SECURITY   ;1646000.0;1256665.9988999998;0.007116397868708097;0.0054331319782806135;0.7634665849939245;2020-08-28 00:00:00
230;BANCO CONSORCIO;816933.336;598200.5993;0.003531970018947142;0.0025862900789297852;0.7322514248580009;2020-08-28 00:00:00
231;COOPEUCH;63537.36000000001;48925.25409999999;0.00027470056700324374;0.00021152586512955166;0.7700234019795595;2020-08-28 00:00:00
232;BANCO DE CHILE ;38500000.0;36746700.9593;0.19156250046594248;0.18283869921137025;0.9544597651766232;2020-07-17 00:00:00
233;BCO INTERNACIONAL;1370721.50134;816888.233;0.006820229564652497;0.004064549415965855;0.5959549275337261;2020-07-17 00:00:00
234;BANCOESTADO    ;29600000.0;28244771.966200005;0.1472792211374519;0.14053608163469164;0.9542152691283785;2020-07-17 00:00:00
235;SCOTIABANK;15873000.0;14071813.650300002;0.07897848233495858;0.07001641062187662;0.8865251464940466;2020-07-17 00:00:00
236;BCI            ;47300000.0;44965032.816199996;0.2353482148581579;0.22373023687803717;0.9506349432600422;2020-07-17 00:00:00
237;ITAU CORPBANCA      ;18476100.036;16999150.6288;0.09193059537026103;0.08458181299350978;0.9200616253255711;2020-07-17 00:00:00
238;BCO BICE       ;1268000.0;932318.2156000002;0.0063091233919692225;0.004638888535331992;0.7352667315457415;2020-07-17 00:00:00
239;BANCO SANTANDER;46322500.1;42772560.947500005;0.23048451810363302;0.2128212656216889;0.9233646900569601;2020-07-17 00:00:00
240;BCO SECURITY   ;1528000.0;1052204.9614;0.007602792226284678;0.005235402945674142;0.6886158124345549;2020-07-17 00:00:00
241;BANCO CONSORCIO;676933.336;379913.24279999995;0.003368182921893818;0.0018903150844387718;0.5612269666683987;2020-07-17 00:00:00
242;COOPEUCH;63537.36000000001;38667.444;0.00031613962479492874;0.0001923956430978391;0.6085780712324214;2020-07-17 00:00:00
243;BANCO DE CHILE ;50500000.0;48535635.135;0.21187614696057336;0.20363452203342627;0.9611016858415841;2020-09-25 00:00:00
244;BCO INTERNACIONAL;1670721.50134;1118839.0165999997;0.007009624442536704;0.004694164354581483;0.669674159159762;2020-09-25 00:00:00
245;BANCOESTADO    ;40100000.0;38110792.1963;0.1682422473884949;0.15989639224093327;0.9503938203566085;2020-09-25 00:00:00
246;SCOTIABANK;16273000.0;15448883.4364;0.06827446612850317;0.06481682965044464;0.9493568141338413;2020-09-25 00:00:00
247;BCI            ;49800000.0;48118560.87980001;0.20893924987399115;0.20188465894059013;0.9662361622449801;2020-09-25 00:00:00
248;ITAU CORPBANCA      ;20776100.036;19758685.519600004;0.08716752523752691;0.08289889419601036;0.9510295717368967;2020-09-25 00:00:00
249;BCO BICE       ;1828000.0;1483967.6531000002;0.0076694969632461005;0.006226086109959461;0.811798497319475;2020-09-25 00:00:00
250;BANCO SANTANDER;54822500.1;51830576.008200005;0.23001148688977519;0.21745866810622874;0.9454252526546122;2020-09-25 00:00:00
251;BCO SECURITY   ;1646000.0;1292676.578;0.006905903720734728;0.005423511536887506;0.7853442150668286;2020-09-25 00:00:00
252;BANCO CONSORCIO;856933.336;651869.9959;0.003595321454133671;0.0027349644168415195;0.7607009419691895;2020-09-25 00:00:00
253;COOPEUCH;73537.36000000002;53092.2098;0.0003085309404842097;0.0002227519375454731;0.7219760105611622;2020-09-25 00:00:00
254;BANCO DE CHILE ;49000000.0;47224915.00169999;0.2086555497251332;0.2010967469469878;0.9637737755448977;2020-09-04 00:00:00
255;BCO INTERNACIONAL;1670721.50134;1101834.7614999998;0.007114394148973419;0.004691917099327418;0.6594963676568923;2020-09-04 00:00:00
256;BANCOESTADO    ;39600000.0;37687403.1242;0.16862775039010763;0.16048338401209497;0.9517020990959596;2020-09-04 00:00:00
257;SCOTIABANK;16273000.0;15171833.8975;0.06929493389136923;0.06460586412696476;0.9323317088121429;2020-09-04 00:00:00
258;BCI            ;49800000.0;47811083.566700004;0.21206217094513538;0.20359281478702188;0.9600619190100402;2020-09-04 00:00:00
259;ITAU CORPBANCA      ;20776100.036;19302937.8039;0.08847037906440693;0.08219724691393489;0.9290934184208123;2020-09-04 00:00:00
260;BCO BICE       ;1828000.0;1416831.8758;0.007784129487704969;0.006033261916594707;0.7750721421225383;2020-09-04 00:00:00
261;BANCO SANTANDER;53322500.1;50655057.05030001;0.2270619504302851;0.21570324030996596;0.9499752816410049;2020-09-04 00:00:00
262;BCO SECURITY   ;1646000.0;1271566.3227000001;0.007009123160154475;0.005414681021937442;0.7725190295868773;2020-09-04 00:00:00
263;BANCO CONSORCIO;856933.336;631677.3353;0.0036490591081810666;0.002689856768284261;0.7371370779535178;2020-09-04 00:00:00
264;COOPEUCH;63537.36000000001;51050.6038;0.0002705596485486467;0.00021738758774875454;0.803473795574761;2020-09-04 00:00:00
